<?xml version="1.0" encoding="UTF-8"?>
<!DOCTYPE fontscolors PUBLIC "-//NetBeans//DTD Editor Fonts and Colors settings 1.2//EN" "http://netbeans.apache.org/dtds/EditorFontsColors-1_2.dtd">
<fontscolors>
    <fontcolor foreColor="fffa3667" name="text-limit-line-color"/>
    <fontcolor name="status-bar-bold"/>
    <fontcolor bgColor="ff231e42" foreColor="fffa3667" name="line-number" waveUnderlined="fffa3667"/>
    <fontcolor bgColor="ff494561" name="highlight-caret-row"/>
    <fontcolor bgColor="darkGray" name="highlight-search"/>
    <fontcolor foreColor="ffe91e63" name="synchronized-text-blocks-ext-slave"/>
    <fontcolor foreColor="fff62b65" name="indent-guide-lines"/>
    <fontcolor foreColor="black" name="block-search"/>
    <fontcolor foreColor="fff62b65" name="selection" strikeThrough="fffa3667"/>
    <fontcolor bgColor="ff0d1117" foreColor="ff39d353" name="nbeditor-bracesMatching-match-multichar"/>
    <fontcolor foreColor="lightGray" name="caret-color-insert-mode"/>
    <fontcolor bgColor="ff323232" foreColor="gray" name="remove-surround-code-delete"/>
    <fontcolor foreColor="fffa3667" name="hyperlinks" underline="fffa3667"/>
</fontscolors>
