<?xml version="1.0" encoding="UTF-8"?>
<!DOCTYPE fontscolors PUBLIC "-//NetBeans//DTD Editor Fonts and Colors settings 1.2//EN" "http://netbeans.apache.org/dtds/EditorFontsColors-1_2.dtd">
<fontscolors>
    <fontcolor foreColor="white" name="identifier"/>
    <fontcolor default="identifier" foreColor="ff8957e5" name="method">
        <font style="italic"/>
    </fontcolor>
    <fontcolor foreColor="ff006d32" name="string"/>
    <fontcolor default="keyword" foreColor="ff607d8b" name="markup-element"/>
    <fontcolor foreColor="ff39d353" name="separator">
        <font size="20"/>
    </fontcolor>
    <fontcolor foreColor="ff39d353" name="operator">
        <font size="20"/>
    </fontcolor>
    <fontcolor foreColor="fffa3667" name="url" underline="fffa3667"/>
    <fontcolor foreColor="ff673ab7" name="number"/>
    <fontcolor bgColor="ff211c3f" foreColor="white" name="default">
        <font name="Consolas" size="18" style="bold"/>
    </fontcolor>
    <fontcolor default="identifier" foreColor="ff8957e5" name="field"/>
    <fontcolor foreColor="ff26a641" name="char"/>
    <fontcolor foreColor="ff03a9f4" name="comment"/>
    <fontcolor foreColor="fffc3667" name="keyword"/>
</fontscolors>
