<?xml version="1.0" encoding="UTF-8"?>
<!DOCTYPE fontscolors PUBLIC "-//NetBeans//DTD Editor Fonts and Colors settings 1.2//EN" "http://netbeans.apache.org/dtds/EditorFontsColors-1_2.dtd">
<fontscolors>
    <fontcolor default="keyword" name="mod-keyword"/>
    <fontcolor default="field" name="mod-record-component-declaration"/>
    <fontcolor default="field" name="mod-record-component"/>
    <fontcolor bgColor="ffeedddd" name="mod-unindented-text-block"/>
    <fontcolor default="identifier" name="mod-record"/>
    <fontcolor default="identifier" name="mod-module-declaration">
        <font style="bold"/>
    </fontcolor>
    <fontcolor default="identifier" name="mod-module"/>
</fontscolors>
