<?xml version="1.0" encoding="UTF-8"?>
<!DOCTYPE fontscolors PUBLIC "-//NetBeans//DTD Editor Fonts and Colors settings 1.2//EN" "http://netbeans.apache.org/dtds/EditorFontsColors-1_2.dtd">
<fontscolors>
    <fontcolor default="field" name="array_idx">
        <font style="bold"/>
    </fontcolor>
    <fontcolor default="field" name="bracket"/>
    <fontcolor default="operator" name="dot"/>
    <fontcolor default="keyword" name="map_key">
        <font style="bold"/>
    </fontcolor>
    <fontcolor default="comment" name="comment"/>
    <fontcolor default="error" name="error"/>
    <fontcolor name="whitespace"/>
    <fontcolor default="operator" name="separator"/>
    <fontcolor default="string" name="value"/>
    <fontcolor default="keyword" name="key"/>
</fontscolors>
